[

    {

        "img": "https://telegra.ph/file/62dc6440302ba4dbb51cd.jpg",

        "name": "رايلي"

    },

    {

        "img": "https://telegra.ph/file/1e27a997ad1c665aa8658.jpg",

        "name": "ميغومي"

    },

    {

        "img": "https://telegra.ph/file/ae2912d507d8835e41e9a.jpg",

        "name": "موزان"

    },

    {

        "img": "https://telegra.ph/file/7a13746ebab6c132acb19.jpg",

        "name": "وايوليت"

    },

    {

        "img": "https://telegra.ph/file/240f9fad116c85b420bbf.jpg",

        "name": "ايساغي"

    },

    {

        "img": "https://telegra.ph/file/ff78973403ec1f3bdc5fd.jpg",

        "name": "ميدوريا"

    },

    {

        "img": "https://telegra.ph/file/2cc5b740776053dddb581.jpg",

        "name": "نيزوكو"

    },

    {

        "img": "https://telegra.ph/file/9631bfa9255dc1c92d4b8.jpg",

        "name": "فيفي"

    },

    {

        "img": "https://telegra.ph/file/0ff1b38414462018996cb.jpg",

        "name": "ليفاي"

    },

    {

        "img": "https://telegra.ph/file/075267497f6d25ffbb3ac.jpg",

        "name": "ريزي"

    },

    {

        "img": "https://telegra.ph/file/335e5c44709d787dc52cf.jpg",

        "name": "نيجي"

    },

    {

        "img": "https://telegra.ph/file/1bf0fbf7b6c5b838aa605.jpg",

        "name": "ميدوريا"

    },

    {

        "img": "https://telegra.ph/file/fa919c6389cdb950f98d3.jpg",

        "name": "مايكي"

    },

    {

        "img": "https://telegra.ph/file/cba30ae4d6e040c536ebe.jpg",

        "name": "بان"

    },

    {

        "img": "https://telegra.ph/file/0a4fd631f0398b0137edf.jpg",

        "name": "اوباناي"

    },

    {

        "img": "https://telegra.ph/file/cd2c4cd7aac0ac7ed473b.jpg",

        "name": "دينجي"

    },

    {

        "img": "https://telegra.ph/file/7cc4e2d9e6fc259931643.jpg",

        "name": "توكيتو"

    },

    {

        "img": "https://telegra.ph/file/0b8507e32238614180c62.jpg",

        "name": "اشيلاد"

    },

    {

        "img": "https://telegra.ph/file/06824309638caedd6816c.jpg",

        "name": "ناغي"

    },

    {

        "img": "https://telegra.ph/file/f1bac44d568cbfb21779c.jpg",

        "name": "ياماتو"

    },

    {

        "img": "https://telegra.ph/file/f1bac44d568cbfb21779c.jpg",

        "name": "بيلاروسيا"

    },

    {

        "img": "https://telegra.ph/file/d0a4bbb42d8054f83c5ec.jpg",

        "name": "اينوسكي"

    },

    {

        "img": "https://telegra.ph/file/53320c1d1f22fd49892bb.jpg",

        "name": "غوجو"

    },

    {

        "img": "https://telegra.ph/file/42460e0994941fa7272e4.jpg",

        "name": "كورابيكا"

    },

    {

        "img": "https://telegra.ph/file/656737c7a866146925347.jpg",

        "name": "سوكونا"

    },

    {

        "img": "https://telegra.ph/file/ad0ae5ab022f1a8e24500.jpg",

        "name": "ايتادوري"

    },

    {

        "img": "https://telegra.ph/file/c611f476b1428aa386e14.jpg",

        "name": "شوتو"

    },

    {

        "img": "https://telegra.ph/file/3c0ee70b4ecc9ba1f7f82.jpg",

        "name": "توغا"

    },

    {

        "img": "https://telegra.ph/file/aaaffb13764f73e832cea.jpg",

        "name": "ناروتو"

    },

    {

        "img": "https://telegra.ph/file/86d90568193ca2cbcec12.jpg",

        "name": "باكوغو"

    },

    {

        "img": "https://telegra.ph/file/cca779c2ea871ad6061d9.jpg",

        "name": "شانكس"

    },

    {

        "img": "https://telegra.ph/file/33e425e711ff34ef73a77.jpg",

        "name": "ناروتو"

    },

    {

        "img": "https://telegra.ph/file/dc330d292d56876c14e8c.jpg",

        "name": "كانيكي"

    },

    {

        "img": "https://telegra.ph/file/673779a63786384ce2d7d.jpg",

        "name": "غوهان"

    },

    {

        "img": "https://telegra.ph/file/427927268b5c0f93112c2.jpg",

        "name": "ياتو"

    },

    {

        "img": "https://telegra.ph/file/a324e1f12aa8d2b621cc2.jpg",

        "name": "ايتاتشي"

    },

    {

        "img": "https://telegra.ph/file/5b222f4ccfe1ec3fbbc77.jpg",

        "name": "غينيا"

    },

    {

        "img": "https://telegra.ph/file/b4ecf2f014eaffe6b7526.jpg",

        "name": "ايرين"

    },

    {

        "img": "https://telegra.ph/file/d7d2ce9434aeecef8f1e6.jpg",

        "name": "ايزن"

    },

    {

        "img": "https://telegra.ph/file/4348434ed093037d9ec28.jpg",

        "name": "شينازوغوا"

    },

    {

        "img": "https://telegra.ph/file/b5a29f40be9681871cb36.jpg",

        "name": "يامي"

    },

    {

        "img": "https://telegra.ph/file/fbb21a1b0eaea135809f5.jpg",

        "name": "لوفي"

    },

    {

        "img": "https://telegra.ph/file/e323a94b42ce35987ee95.jpg",

        "name": "اللحية البيضاء"

    },

    {

        "img": "https://telegra.ph/file/9d1f6cc90f569caa628fa.jpg",

        "name": "اوبيتو"

    },

    {

        "img": "https://telegra.ph/file/0834ce5ce12e83caf10e7.jpg",

        "name": "ناروتو"

    },

    {

        "img": "https://telegra.ph/file/189d9f37331bd8eb43bca.jpg",

        "name": "ياماتو"

    },

    {

        "img": "https://telegra.ph/file/174b5f63fc81e2c5f5cac.jpg",

        "name": "يوهانا"

    },

    {

        "img": "https://telegra.ph/file/79c710045e1c997203c91.jpg",

        "name": "هيسوكا"

    },

    {

        "img": "https://telegra.ph/file/f3c93b758997d1d51ecd5.jpg",

        "name": "كوكوشيبو"

    },

    {

        "img": "https://telegra.ph/file/90c48f2b8891b84afbd68.jpg",

        "name": "غوجو"

    },

    {

        "img": "https://telegra.ph/file/79428e04791b1c064a92a.jpg",

        "name": "شويا"

    },

    {

        "img": "https://telegra.ph/file/c2bbf012352c8d3b7b473.jpg",

        "name": "ميهوك"

    },

    {  

      "img":"https://telegra.ph/file/d0185a2f06e8219e10916.jpg",

       "name": "ايسديث"

    },

    {

        "img": "https://telegra.ph/file/cc16a69b91ea4ec87aff0.jpg",

        "name": "يوريتشي"

    },

    {

        "img": "https://telegra.ph/file/f0ea84dfd7f7af9a160d5.jpg",

        "name": "يامي"

    },

    {

        "img": "https://telegra.ph/file/580e9f5cb098e9a67e2b1.jpg",

        "name": "شينوبو"

    },

    {

        "img": "https://telegra.ph/file/e60f3d271586c4ee29136.jpg",

        "name": "ايروين"

    },

    {

        "img": "https://telegra.ph/file/8231b78c772608c52882c.jpg",

        "name": "ميناتو"

    }

]