[

    {

        "img": "https://telegra.ph/file/1ad5efd1f25887764b15f.jpg",

        "name": "روبين"

    },

    {

        "img": "https://telegra.ph/file/9d201b2142932048d44d1.jpg",

        "name": "نير"

    },

    {

        "img": "https://telegra.ph/file/be4c3fad4268971685d81.jpg",

        "name": "اني"

    },

    {

        "img": "https://telegra.ph/file/a60e54286732defb6347d.jpg",

        "name": "ميدوريا"

    },

    {

        "img": "https://telegra.ph/file/a8be24815455a6033c0ff.jpg",

        "name": "ساكورا"

    },

    {

        "img": "https://telegra.ph/file/986ac215c159b886921d9.jpg",

        "name": "سوكونا"

    },

    {

        "img": "https://telegra.ph/file/6974427bfc713c90e6612.jpg",

        "name": "مايكي"

    },

    {

        "img": "https://telegra.ph/file/15295e1d26734abc4c354.jpg",

        "name": "موزان"

    },

    {

        "img": "https://telegra.ph/file/4292bc04a374f059fbffb.jpg",

        "name": "اينوسكي"

    },

    {

        "img": "https://telegra.ph/file/309901e0b8e96c594281b.jpg",

        "name": "نيزوكو"

    },

    {

        "img": "https://telegra.ph/file/d3c84a0eb6c6f88032183.jpg",

        "name": "يوميكو"

    },

    {

        "img": "https://telegra.ph/file/4fdcd9b65bf25f918775f.jpg",

        "name": "غارا"

    },

    {

        "img": "https://telegra.ph/file/1627c2329f19b9bf5f79c.jpg",

        "name": "سينكو"

    },

    {

        "img": "https://telegra.ph/file/415c10e20d40786553a72.jpg",

        "name": "نوبارا"

    },

    {

        "img": "https://telegra.ph/file/831a834a4446d3f5fe683.jpg",

        "name": "ناروتو"

    },

    {

        "img": "https://telegra.ph/file/a56c29f4cfc4fa251bbb0.jpg",

        "name": "لوفي"

    },

    {

        "img": "https://telegra.ph/file/ff37828726e424fc5753e.jpg",

        "name": "ساسكي"

    },

    {

        "img": "https://telegra.ph/file/26a24172a2e3e8b934cd3.jpg",

        "name": "تودوروكي"

    },

    {

        "img": "https://telegra.ph/file/87d843199a6a33e4bf4bf.jpg",

        "name": "ميليوداس"

    },

    {

        "img": "https://telegra.ph/file/7879f8170935d592d3836.jpg",

        "name": "غوجو"

    },

    {

        "img": "https://telegra.ph/file/17fcc0ca68ce0c85107fe.jpg",

        "name": "كانيكي"

    },

    {

        "img": "https://telegra.ph/file/e0078c46448c358bb915d.jpg",

        "name": "ايتاتشي"

    },

    {

        "img": "https://telegra.ph/file/26728e3e2a29f11dfa123.jpg",

        "name": "ايرين"

    },

    {

        "img": "https://telegra.ph/file/0257683d32e8849752c81.jpg",

        "name": "استا"

    },

    {

        "img": "https://telegra.ph/file/548a21e5f7dace3e74c9c.jpg",

        "name": "شانكس"

    },

    {

        "img": "https://telegra.ph/file/784768edb960d933a0673.jpg",

        "name": "تسونادي"

    },

    {

        "img": "https://telegra.ph/file/8692eb693ac3e0803f132.jpg",

        "name": "سارادا"

    },

    {

        "img": "https://telegra.ph/file/f104cd2a38c350f0e7372.jpg",

        "name": "اكوا"

    },

    {

        "img": "https://telegra.ph/file/66c2603380d87743b2e34.jpg",

        "name": "غون"

    },

    {

        "img": "https://telegra.ph/file/2b64ab1e3e5ab864f4c5e.jpg",

        "name": "زيك"

    },

    {

        "img": "https://telegra.ph/file/41190693f191ab092d361.jpg",

        "name": "كايدو"

    },

    {

        "img": "https://telegra.ph/file/4a033549870058c71c35d.jpg",

        "name": "لولوش"

    },

    {

        "img": "https://telegra.ph/file/1891f403b3b51d32acb1d.jpg",

        "name": "رينكوغو"

    },

    {

        "img": "https://telegra.ph/file/11e349f1f45ee895f7683.jpg",

        "name": "دابي"

    },

    {

        "img": "https://telegra.ph/file/910d128bb6170648becb1.jpg",

        "name": "رامبو"

    },

    {

        "img": "https://telegra.ph/file/12e15883cef90a6a16e00.jpg",

        "name": "مادارا"

    },

    {

        "img": "https://telegra.ph/file/15c8ae8f305b8b0b60a55.jpg",

        "name": "كاكاشي"

    },

    {

        "img": "https://telegra.ph/file/692eab77b459adeca9e07.jpg",

        "name": "نوزيل"

    },

    {

        "img": "https://telegra.ph/file/0c2ee2ccf665a4b3b8f90.jpg",

        "name": "باين"

    },

    {

        "img": "https://telegra.ph/file/941bea803d1e835513906.jpg",

        "name": "الكيورا"

    },

    {

        "img": "https://telegra.ph/file/e08324666f61027b1391a.jpg",

        "name": "توكيتو"

    },

    {

        "img": "https://telegra.ph/file/a211171aae55770542c1e.jpg",

        "name": "لويد"

    },

    {

        "img": "https://telegra.ph/file/a211171aae55770542c1e.jpg",

        "name": "جينبي"

    },

    {

        "img": "https://telegra.ph/file/c887c161eff5531d544a8.jpg",

        "name": "غوكو"

    },

    {

        "img": "https://telegra.ph/file/f5ca0408ec25717407a0a.jpg",

        "name": "رين"

    },

    {

        "img": "https://telegra.ph/file/ff247f52d2f7084f6a951.jpg",

        "name": "هيناتا"

    },

    {

        "img": "https://telegra.ph/file/0ed47f3d2764aed57b10f.jpg",

        "name": "بينيمارو"

    },

    {

        "img": "https://telegra.ph/file/c6d6985c29433aa360ae8.jpg",

        "name": "زينيتسو"

    },

    {

        "img": "https://telegra.ph/file/dd37b6e146a7908aeef15.jpg",

        "name": "اكازا"

    },

    {

        "img": "https://telegra.ph/file/06513ee68a0aaed83f3a1.jpg",

        "name": "ميهوك"

    },

    {

        "img": "https://telegra.ph/file/fe8f0d6d5ea64cdbcbade.jpg",

        "name": "نيجي"

    },

    {

        "img": "https://telegra.ph/file/8cb5474133727eee8c559.jpg",

        "name": "ياماتو"

    },

    {  

      "img":"https://telegra.ph/file/67fa6b4cff5b65068f2f9.jpg",

       "name": "ايس"

    },

    {

        "img": "https://telegra.ph/file/c424b50514ab1382d7b11.jpg",

        "name": "زورو"

    },

    {

        "img": "https://telegra.ph/file/a8d8c9c6f7b3d90fd2ea7.jpg",

        "name": "سانجي"

    },

    {

        "img": "https://telegra.ph/file/7b0bac2f8d0d282aba1f9.jpg",

        "name": "يوتا"

    },

    {

        "img": "https://telegra.ph/file/8993053e6d07a1dc823d3.jpg",

        "name": "كورابيكا"

    },

    {

        "img": "https://telegra.ph/file/19429d6857033cfcd3ac6.jpg",

        "name": "اوبيتو"

    },

{

        "img": "https://telegra.ph/file/3a0ee3ffedc7ef46dbe4d.jpg",

        "name": "زينيتسو"

}

]