[

    {

        "img": "https://telegra.ph/file/2f8f1c3739bd3faee9706.jpg",

        "name": "غافي"

    },

    {

        "img": "https://telegra.ph/file/6cb4b3b61817604aa369e.jpg",

        "name": "حكيمي"

    },

    {

        "img": "https://telegra.ph/file/2cc8787d968d329c5f43b.jpg",

        "name": "ليفاندوفسكي"

    },

    {

        "img": "https://telegra.ph/file/1a1e3f2c995b00cadb876.jpg",

        "name": "فاندايك"

    },

    {

        "img": "https://telegra.ph/file/9dc04d8b1ae2763d2c8bc.jpg",

        "name": "مبابي"

    },

    {

        "img": "https://telegra.ph/file/d253a05b395d79e9254b1.jpg",

        "name": "بويول"

    },

    {

        "img": "https://telegra.ph/file/a80e79f011838eb283ac9.jpg",

        "name": "راموس"

    },

    {

        "img": "https://telegra.ph/file/116ce354e064d15869092.jpg",

        "name": "مودريتش"

    },

    {

        "img": "https://telegra.ph/file/885085906233c00ddcbcf.jpg",

        "name": "بيلينغهام"

    },

    {

        "img": "https://telegra.ph/file/acada6b9a09c6c0eee462.jpg",

        "name": "فودين"

    },

    {

        "img": "https://telegra.ph/file/56a6c6571156b9c50c1d0.jpg",

        "name": "فيليكس"

    },

    {

        "img": "https://telegra.ph/file/17bf84909f9a71b720aba.jpg",

        "name": "هالاند"

    },

    {

        "img": "https://telegra.ph/file/f29861d02cf9ca09e84b8.jpg",

        "name": "بيدري"

    },

    {

        "img": "https://telegra.ph/file/e7744175688fe3dec2ea3.jpg",

        "name": "ارويخو"

    },

    {

        "img": "https://telegra.ph/file/88f32e3e73547a7dceca9.jpg",

        "name": "غابرييل"

    },

    {

        "img": "https://telegra.ph/file/4c134234a3aa54236627c.jpg",

        "name": "ساكا"

    },

    {

        "img": "https://telegra.ph/file/b08a54b9ef48fc046be3d.jpg",

        "name": "زياش"

    },

    {

        "img": "https://telegra.ph/file/b95dd0bf9717111ff3c0b.jpg",

        "name": "صلاح"

    },

    {

        "img": "https://telegra.ph/file/5a2f2e28111e2c23c2c56.jpg",

        "name": "زلاتان"

    },

    {

        "img": "https://telegra.ph/file/a72ca577acd4ede5c6eaf.jpg",

        "name": "رونالدو"

    },

    {

        "img": "https://telegra.ph/file/9b4e730603825e80f3e96.jpg",

        "name": "ميسي"

    },

    {

        "img": "https://telegra.ph/file/8d76bec3cab32d3a9b3ae.jpg",

        "name": "نيمار"

    }

]
